sep=,
"Time","adcs_SunVectors.xm_sun_vector_x","adcs_SunVectors.xm_sun_vector_y","adcs_SunVectors.xm_sun_vector_z","adcs_SunVectors.yp_sun_vector_x","adcs_SunVectors.yp_sun_vector_y","adcs_SunVectors.yp_sun_vector_z","adcs_SunVectors.ym_sun_vector_x","adcs_SunVectors.ym_sun_vector_y","adcs_SunVectors.ym_sun_vector_z","adcs_SunVectors.xp_sun_vector_x","adcs_SunVectors.xp_sun_vector_y","adcs_SunVectors.xp_sun_vector_z","adcs_SunVectors.zm_sun_vector_x","adcs_SunVectors.zm_sun_vector_y","adcs_SunVectors.zm_sun_vector_z","adcs_SunVectors.zp_sun_vector_x","adcs_SunVectors.zp_sun_vector_y","adcs_SunVectors.zp_sun_vector_z"
1720439904808,0,0,0,0,0,0,0,0,0,0.992672,0.04398,-0.112556,0,0,0,0,0,0
1720439906012,0,0,0,0,0,0,0,0,0,0.992849,0.041314,-0.112,0,0,0,0,0,0
1720439912303,0,0,0,0,0,0,0,0,0,0.992921,0.042018,-0.111099,0,0,0,0,0,0
1720439913506,0,0,0,0,0,0,0,0,0,0.992906,0.041029,-0.1116,0,0,0,0,0,0
1720439916043,0,0,0,0,0,0,0,0,0,0.992975,0.039394,-0.111571,0,0,0,0,0,0
1720439917122,0,0,0,0,0,0,0,0,0,0.992928,0.042048,-0.111024,0,0,0,0,0,0
1720439918199,0,0,0,0,0,0,0,0,0,0.992694,0.040663,-0.113601,0,0,0,0,0,0
1720439921082,0,0,0,0,0,0,0,0,0,0.992594,0.042816,-0.113683,0,0,0,0,0,0
1720439921979,0,0,0,0,0,0,0,0,0,0.992541,0.043329,-0.113952,0,0,0,0,0,0
1720439926034,0,0,0,0,0,0,0,0,0,0.992459,0.043201,-0.114711,0,0,0,0,0,0
1720439927000,0,0,0,0,0,0,0,0,0,0.992307,0.044458,-0.115541,0,0,0,0,0,0
1720439930171,0,0,0,0,0,0,0,0,0,0.99174,0.045496,-0.119923,0,0,0,0,0,0
1720439931084,0,0,0,0,0,0,0,0,0,0.991262,0.0454,-0.123852,0,0,0,0,0,0
1720439932494,0,0,0,0,0,0,0,0,0,0.99154,0.043829,-0.122178,0,0,0,0,0,0
1720439933661,0,0,0,0,0,0,0,0,0,0.991567,0.045317,-0.121416,0,0,0,0,0,0
1720439936287,0,0,0,0,0,0,0,0,0,0,0,0,0,0,0,0,0,0
1720439937233,0,0,0,0,0,0,0,0,0,0,0,0,0,0,0,0,0,0
1720439938394,0,0,0,0,0,0,0,0,0,0,0,0,0,0,0,0,0,0
1720439941241,0,0,0,0,0,0,0,0,0,0,0,0,0,0,0,0,0,0
1720439942173,0,0,0,0,0,0,0,0,0,0,0,0,0,0,0,0,0,0
1720439945115,0,0,0,0,0,0,0,0,0,0,0,0,0,0,0,0,0,0
1720439946103,0,0,0,0,0,0,0,0,0,0,0,0,0,0,0,0,0,0
1720439947399,0,0,0,0,0,0,0,0,0,0,0,0,0.415029,0.113927,-0.902647,0,0,0
1720439948645,0,0,0,0,0,0,0,0,0,0,0,0,0.327887,0.113593,-0.937863,0,0,0
1720439951230,0,0,0,0,0,0,0,0,0,0,0,0,0.040214,0.092812,-0.994871,0,0,0
1720439952221,0,0,0,0,0,0,0,0,0,0,0,0,-0.030239,0.098165,-0.994711,0,0,0
1720439953362,0,0,0,0,0,0,0,0,0,0,0,0,-0.052418,0.100229,-0.993583,0,0,0
1720439955966,0,0,0,0,0,0,0,0,0,0,0,0,-0.204019,0.108366,-0.972951,0,0,0
1720439957109,0,0,0,0,0,0,0,0,0,0,0,0,-0.264797,0.108226,-0.958212,0,0,0
1720439960014,0,0,0,0,0,0,0,0,0,0,0,0,0,0,0,0,0,0
1720439961311,0,0,0,0,0,0,0,0,0,0,0,0,0,0,0,0,0,0
1720439966176,0,0,0,0,0,0,0,0,0,0,0,0,0,0,0,0,0,0
1720439967382,0,0,0,0,0,0,0,0,0,0,0,0,0,0,0,0,0,0
1720439970054,0,0,0,0,0,0,0,0,0,0,0,0,0,0,0,0,0,0
1720439971215,-0.929443,0.028615,-0.367854,0,0,0,0,0,0,0,0,0,0,0,0,0,0,0
1720439972139,-0.961612,0.022875,-0.273457,0,0,0,0,0,0,0,0,0,0,0,0,0,0,0
1720439974790,-0.999878,0.014177,0.006524,0,0,0,0,0,0,0,0,0,0,0,0,0,0,0
1720439976083,-0.994331,0.01138,0.105714,0,0,0,0,0,0,0,0,0,0,0,0,0,0,0
1720439981208,-0.895804,-0.00077,0.444449,0,0,0,0,0,0,0,0,0,0,0,0,0,0,0
1720439983706,-0.825072,-0.005855,0.564997,0,0,0,0,0,0,0,0,0,0,0,0,-0.617464,0.057767,0.784475
1720439985086,-0.775574,-0.009227,0.63119,0,0,0,0,0,0,0,0,0,0,0,0,-0.600764,0.053319,0.797646
1720439986118,-0.762507,-0.010783,0.646891,0,0,0,0,0,0,0,0,0,0,0,0,-0.577084,0.054357,0.814874
1720439987413,-0.779737,-0.014703,0.625934,0,0,0,0,0,0,0,0,0,0,0,0,-0.556325,0.051427,0.829372
1720439988534,-0.785742,-0.01623,0.618342,0,0,0,0,0,0,0,0,0,0,0,0,-0.551098,0.051044,0.832878
1720439989607,-0.786774,-0.015374,0.61705,0,0,0,0,0,0,0,0,0,0,0,0,-0.54988,0.050485,0.833716
1720439992324,-0.857491,-0.022599,0.514003,0,0,0,0,0,0,0,0,0,0,0,0,-0.44406,0.049942,0.894604
1720439993482,-0.849627,-0.013121,0.527221,0,0,0,0,0,0,0,0,0,0,0,0,-0.389155,0.052786,0.919659
1720439996068,0,0,0,0,0,0,0,0,0,0,0,0,0,0,0,-0.225077,0.052264,0.972938
1720439997276,0,0,0,0,0,0,0,0,0,0,0,0,0,0,0,-0.174346,0.055193,0.983136
1720440000676,0,0,0,0,0,0,0,0,0,0,0,0,0,0,0,-0.009258,0.057974,0.998275
1720440001883,0,0,0,0,0,0,0,0,0,0,0,0,0,0,0,0.05765,0.059559,0.996559
1720440004770,0,0,0,0,0,0,0,0,0,0,0,0,0,0,0,0.204547,0.066716,0.976581
1720440005846,0,0,0,0,0,0,0,0,0,0,0,0,0,0,0,0.270993,0.072239,0.959867
1720440006968,0,0,0,0,0,0,0,0,0,0,0,0,0,0,0,0.32347,0.067907,0.943799
1720440008047,0,0,0,0,0,0,0,0,0,0,0,0,0,0,0,0.37741,0.070273,0.923376
1720440010717,0,0,0,0,0,0,0,0,0,0.764214,0.004932,0.644944,0,0,0,0.534026,0.080812,0.841597
1720440011878,0,0,0,0,0,0,0,0,0,0.76231,0.010152,0.647133,0,0,0,0.56454,0.083597,0.821162
1720440013301,0,0,0,0,0,0,0,0,0,0.788747,0.017206,0.614477,0,0,0,0.602151,0.084624,0.793885
1720440017393,0,0,0,0,0,0,0,0,0,0.904715,0.004609,0.425992,0,0,0,0,0,0
1720440018344,0,0,0,0,0,0,0,0,0,0.934428,0.004688,0.356122,0,0,0,0,0,0
1720440020794,0,0,0,0,0,0,0,0,0,0.968599,0.014761,0.248188,0,0,0,0,0,0
1720440022043,0,0,0,0,0,0,0,0,0,0.987705,0.029478,0.153528,0,0,0,0,0,0
1720440024802,0,0,0,0,0,0,0,0,0,0.998819,0.042456,0.023609,0,0,0,0,0,0
1720440026005,0,0,0,0,0,0,0,0,0,0.99901,0.044179,-0.005185,0,0,0,0,0,0
1720440027000,0,0,0,0,0,0,0,0,0,0.998939,0.043799,-0.014255,0,0,0,0,0,0
1720440028159,0,0,0,0,0,0,0,0,0,0.997996,0.041047,-0.04815,0,0,0,0,0,0
1720440030745,0,0,0,0,0,0,0,0,0,0.991777,0.044002,-0.120173,0,0,0,0,0,0
1720440032124,0,0,0,0,0,0,0,0,0,0.983272,0.046512,-0.176106,0,0,0,0,0,0
1720440033009,0,0,0,0,0,0,0,0,0,0,0,0,0,0,0,0,0,0
1720440037254,0,0,0,0,0,0,0,0,0,0,0,0,0,0,0,0,0,0
1720440040869,0,0,0,0,0,0,0,0,0,0,0,0,0,0,0,0,0,0
1720440041987,0,0,0,0,0,0,0,0,0,0,0,0,0,0,0,0,0,0
1720440043084,0,0,0,0,0,0,0,0,0,0,0,0,0,0,0,0,0,0
1720440044877,0,0,0,0,0,0,0,0,0,0,0,0,0,0,0,0,0,0
1720440047031,0,0,0,0,0,0,0,0,0,0,0,0,0.37225,0.115659,-0.920898,0,0,0
1720440048020,0,0,0,0,0,0,0,0,0,0,0,0,0.310249,0.11481,-0.943697,0,0,0
1720440049102,0,0,0,0,0,0,0,0,0,0,0,0,0.200983,0.111646,-0.973212,0,0,0
1720440052111,0,0,0,0,0,0,0,0,0,0,0,0,-0.057444,0.098413,-0.993486,0,0,0
1720440053023,0,0,0,0,0,0,0,0,0,0,0,0,-0.070462,0.099253,-0.992564,0,0,0
1720440055861,0,0,0,0,0,0,0,0,0,0,0,0,-0.227266,0.105454,-0.968106,0,0,0
1720440057022,0,0,0,0,0,0,0,0,0,0,0,0,-0.313664,0.099015,-0.944357,0,0,0
1720440060169,0,0,0,0,0,0,0,0,0,0,0,0,0,0,0,0,0,0
1720440061072,0,0,0,0,0,0,0,0,0,0,0,0,0,0,0,0,0,0
1720440062496,0,0,0,0,0,0,0,0,0,0,0,0,0,0,0,0,0,0
1720440063614,0,0,0,0,0,0,0,0,0,0,0,0,0,0,0,0,0,0
1720440064656,0,0,0,0,0,0,0,0,0,0,0,0,0,0,0,0,0,0
1720440067280,0,0,0,0,0,0,0,0,0,0,0,0,0,0,0,0,0,0
1720440068398,0,0,0,0,0,0,0,0,0,0,0,0,0,0,0,0,0,0
1720440071326,0,0,0,0,0,0,0,0,0,0,0,0,0,0,0,0,0,0
1720440072207,0,0,0,0,0,0,0,0,0,0,0,0,0,0,0,0,0,0
1720440074729,-0.946047,0.025704,-0.323007,0,0,0,0,0,0,0,0,0,0,0,0,0,0,0
1720440075892,-0.960032,0.021668,-0.279051,0,0,0,0,0,0,0,0,0,0,0,0,0,0,0
1720440080114,-0.996158,0.013514,0.08652,0,0,0,0,0,0,0,0,0,0,0,0,0,0,0
1720440081062,-0.992429,0.011768,0.122258,0,0,0,0,0,0,0,0,0,0,0,0,0,0,0
1720440082123,-0.971587,0.007424,0.236566,0,0,0,0,0,0,0,0,0,0,0,0,0,0,0
1720440084768,-0.881418,-0.000759,0.472337,0,0,0,0,0,0,0,0,0,0,0,0,0,0,0
1720440086057,-0.836504,-0.002908,0.547953,0,0,0,0,0,0,0,0,0,0,0,0,0,0,0
1720440090284,-0.83217,-0.019781,0.554167,0,0,0,0,0,0,0,0,0,0,0,0,-0.500038,0.047189,0.864717
1720440091015,-0.856277,-0.020343,0.516116,0,0,0,0,0,0,0,0,0,0,0,0,-0.440882,0.049024,0.896225
1720440094288,0,0,0,0,0,0,0,0,0,0,0,0,0,0,0,-0.147759,0.057898,0.987327
1720440095267,0,0,0,0,0,0,0,0,0,0,0,0,0,0,0,-0.0484,0.058377,0.997121
1720440097993,0,0,0,0,0,0,0,0,0,0,0,0,0,0,0,-0.024068,0.059735,0.997924
1720440099197,0,0,0,0,0,0,0,0,0,0,0,0,0,0,0,-0.023875,0.060129,0.997905
1720440101827,0,0,0,0,0,0,0,0,0,0,0,0,0,0,0,-0.025632,0.06152,0.997777
1720440102861,0,0,0,0,0,0,0,0,0,0,0,0,0,0,0,-0.025519,0.061055,0.997808
1720440104327,0,0,0,0,0,0,0,0,0,0,0,0,0,0,0,-0.025961,0.061277,0.997783
1720440109539,0,0,0,0,0,0,0,0,0,0,0,0,0,0,0,-0.021672,0.057783,0.998094
1720440110413,0,0,0,0,0,0,0,0,0,0,0,0,0,0,0,-0.023404,0.056353,0.998137
1720440113031,0,0,0,0,0,0,0,0,0,0,0,0,0,0,0,-0.022523,0.058038,0.99806
1720440114200,0,0,0,0,0,0,0,0,0,0,0,0,0,0,0,-0.021901,0.05746,0.998108
1720440116820,0,0,0,0,0,0,0,0,0,0,0,0,0,0,0,-0.022252,0.057762,0.998082
1720440117980,0,0,0,0,0,0,0,0,0,0,0,0,0,0,0,-0.02163,0.05815,0.998073
1720440124227,0,0,0,0,0,0,0,0,0,0,0,0,0,0,0,-0.021371,0.056781,0.998158
1720440125434,0,0,0,0,0,0,0,0,0,0,0,0,0,0,0,-0.021804,0.057407,0.998113
1720440126477,0,0,0,0,0,0,0,0,0,0,0,0,0,0,0,-0.021386,0.056204,0.99819
1720440129230,0,0,0,0,0,0,0,0,0,0,0,0,0,0,0,-0.021491,0.056522,0.99817
1720440130215,0,0,0,0,0,0,0,0,0,0,0,0,0,0,0,-0.022338,0.057243,0.99811
1720440132715,0,0,0,0,0,0,0,0,0,0,0,0,0,0,0,-0.02244,0.057153,0.998113
1720440133904,0,0,0,0,0,0,0,0,0,0,0,0,0,0,0,-0.022313,0.056792,0.998137
1720440139047,0,0,0,0,0,0,0,0,0,0,0,0,0,0,0,-0.022759,0.057902,0.998063
1720440140298,0,0,0,0,0,0,0,0,0,0,0,0,0,0,0,-0.023322,0.058716,0.998002
1720440142840,0,0,0,0,0,0,0,0,0,0,0,0,0,0,0,-0.023037,0.056943,0.998112
1720440144046,0,0,0,0,0,0,0,0,0,0,0,0,0,0,0,-0.023665,0.058211,0.998024
1720440145210,0,0,0,0,0,0,0,0,0,0,0,0,0,0,0,-0.022637,0.057962,0.998062
1720440150038,0,0,0,0,0,0,0,0,0,0,0,0,0,0,0,-0.024302,0.058618,0.997985
1720440151155,0,0,0,0,0,0,0,0,0,0,0,0,0,0,0,-0.024209,0.058445,0.997997
1720440154690,0,0,0,0,0,0,0,0,0,0,0,0,0,0,0,-0.024515,0.060391,0.997874
1720440156068,0,0,0,0,0,0,0,0,0,0,0,0,0,0,0,-0.024378,0.05873,0.997976
1720440161195,0,0,0,0,0,0,0,0,0,0,0,0,0,0,0,-0.025885,0.0605,0.997833
1720440162316,0,0,0,0,0,0,0,0,0,0,0,0,0,0,0,-0.025668,0.060392,0.997845
1720440164813,0,0,0,0,0,0,0,0,0,0,0,0,0,0,0,-0.025939,0.060623,0.997824
1720440165708,0,0,0,0,0,0,0,0,0,0,0,0,0,0,0,-0.025688,0.060098,0.997862
1720440169378,0,0,0,0,0,0,0,0,0,0,0,0,0,0,0,-0.025936,0.060868,0.997809
1720440170454,0,0,0,0,0,0,0,0,0,0,0,0,0,0,0,-0.025874,0.059592,0.997887
1720440173043,0,0,0,0,0,0,0,0,0,0,0,0,0,0,0,-0.025838,0.060994,0.997804
1720440174249,0,0,0,0,0,0,0,0,0,0,0,0,0,0,0,-0.026168,0.061385,0.997771
1720440175228,0,0,0,0,0,0,0,0,0,0,0,0,0,0,0,-0.027295,0.061348,0.997743
1720440178817,0,0,0,0,0,0,0,0,0,0,0,0,0,0,0,-0.02626,0.060563,0.997819
1720440180064,0,0,0,0,0,0,0,0,0,0,0,0,0,0,0,-0.024983,0.059193,0.997934
1720440182870,0,0,0,0,0,0,0,0,0,0,0,0,0,0,0,-0.025524,0.059545,0.997899
1720440184071,0,0,0,0,0,0,0,0,0,0,0,0,0,0,0,-0.024627,0.059092,0.997949
1720440185080,0,0,0,0,0,0,0,0,0,0,0,0,0,0,0,-0.024231,0.058082,0.998018
1720440187737,0,0,0,0,0,0,0,0,0,0,0,0,0,0,0,-0.022289,0.057213,0.998113
1720440188811,0,0,0,0,0,0,0,0,0,0,0,0,0,0,0,-0.022218,0.056921,0.998132
1720440190110,0,0,0,0,0,0,0,0,0,0,0,0,0,0,0,-0.023053,0.057352,0.998088
1720440195062,0,0,0,0,0,0,0,0,0,0,0,0,0,0,0,-0.021044,0.057761,0.998109
1720440196054,0,0,0,0,0,0,0,0,0,0,0,0,0,0,0,-0.022576,0.056719,0.998135
1720440197259,0,0,0,0,0,0,0,0,0,0,0,0,0,0,0,-0.022785,0.055992,0.998171
1720440201094,0,0,0,0,0,0,0,0,0,0,0,0,0,0,0,-0.022797,0.055928,0.998175
1720440202138,0,0,0,0,0,0,0,0,0,0,0,0,0,0,0,-0.022009,0.056007,0.998188
1720440206089,0,0,0,0,0,0,0,0,0,0,0,0,0,0,0,-0.023335,0.058049,0.998041
1720440208889,0,0,0,0,0,0,0,0,0,0,0,0,0,0,0,-0.02424,0.05813,0.998015
1720440210957,0,0,0,0,0,0,0,0,0,0,0,0,0,0,0,-0.024198,0.059135,0.997957
1720440212626,0,0,0,0,0,0,0,0,0,0,0,0,0,0,0,-0.025863,0.059178,0.997912
1720440213764,0,0,0,0,0,0,0,0,0,0,0,0,0,0,0,-0.025215,0.060018,0.997879
1720440216240,0,0,0,0,0,0,0,0,0,0,0,0,0,0,0,-0.025058,0.059257,0.997928
1720440217891,0,0,0,0,0,0,0,0,0,0,0,0,0,0,0,-0.025237,0.059758,0.997894
1720440219530,0,0,0,0,0,0,0,0,0,0,0,0,0,0,0,-0.026192,0.059962,0.997857
1720440221536,0,0,0,0,0,0,0,0,0,0,0,0,0,0,0,-0.025098,0.059428,0.997917
1720440224794,0,0,0,0,0,0,0,0,0,0,0,0,0,0,0,0,0,0
1720440227198,0,0,0,0,0,0,0,0,0,0,0,0,0,0,0,-0.050668,0.110011,0.992638
1720440228539,0,0,0,0,0,0,0,0,0,0,0,0,0,0,0,-0.047566,0.12525,0.990984
1720440229560,0,0,0,0,0,0,0,0,0,0,0,0,0,0,0,-0.038885,0.129651,0.990797
1720440231980,0,0,0,0,0,0,0,0,0,0,0,0,0,0,0,-0.038349,0.124943,0.991423
1720440233171,0,0,0,0,0,0,0,0,0,0,0,0,0,0,0,-0.035655,0.025951,0.999027
1720440234314,0,0,0,0,0,0,0,0,0,0,0,0,0,0,0,-0.033555,-0.016516,0.9993
1720440237240,0,0,0,0,0,0,0,0,0,0,0,0,0,0,0,-0.028999,-0.230202,0.972711
1720440238460,0,0,0,0,0,0,0,0,0,0,0,0,0,0,0,-0.026573,-0.273592,0.961479
1720440239646,0,0,0,0,0,0,-0.023723,-0.763713,0.64512,0,0,0,0,0,0,-0.021206,-0.324489,0.945652
1720440243364,0,0,0,0,0,0,-0.019614,-0.775887,0.630566,0,0,0,0,0,0,-0.007811,-0.42304,0.906078
1720440245853,0,0,0,0,0,0,-0.016662,-0.774576,0.632262,0,0,0,0,0,0,-0.000949,-0.54333,0.839518
1720440246898,0,0,0,0,0,0,-0.016162,-0.778268,0.627725,0,0,0,0,0,0,0.0001,-0.553575,0.8328
1720440248353,0,0,0,0,0,0,-0.015442,-0.793003,0.609022,0,0,0,0,0,0,0.001713,-0.579725,0.81481
1720440252321,0,0,0,0,0,0,-0.012952,-0.84951,0.527413,0,0,0,0,0,0,0.015876,-0.594888,0.803652
1720440253267,0,0,0,0,0,0,-0.011205,-0.852625,0.522403,0,0,0,0,0,0,0.018662,-0.593682,0.804483
1720440257145,0,0,0,0,0,0,-0.006813,-0.94526,0.326248,0,0,0,0,0,0,0.036301,-0.526126,0.849631
1720440258391,0,0,0,0,0,0,-0.005742,-0.958605,0.284681,0,0,0,0,0,0,0,0,0
1720440259555,0,0,0,0,0,0,-0.00798,-0.965831,0.25905,0,0,0,0,0,0,0,0,0
1720440260936,0,0,0,0,0,0,-0.00642,-0.983675,0.179838,0,0,0,0,0,0,0,0,0
1720440262125,0,0,0,0,0,0,-0.003383,-0.990519,0.137338,0,0,0,0,0,0,0,0,0
1720440264858,0,0,0,0,0,0,-0.003288,-0.999989,0.00333,0,0,0,0,0,0,0,0,0
1720440267136,0,0,0,0,0,0,0.003678,-0.993561,-0.113236,0,0,0,0,0,0,0,0,0
1720440268085,0,0,0,0,0,0,0.004387,-0.977441,-0.211163,0,0,0,0,0,0,0,0,0
1720440269440,0,0,0,0,0,0,0.004767,-0.949653,-0.313267,0,0,0,0,0,0,0,0,0
1720440271878,0,0,0,0,0,0,0,0,0,0,0,0,0,0,0,0,0,0
1720440273154,0,0,0,0,0,0,0,0,0,0,0,0,0,0,0,0,0,0
1720440278342,0,0,0,0,0,0,0,0,0,0,0,0,0,0,0,0,0,0
1720440279506,0,0,0,0,0,0,0,0,0,0,0,0,0,0,0,0,0,0
1720440280538,0,0,0,0,0,0,0,0,0,0,0,0,0,0,0,0,0,0
1720440281959,0,0,0,0,0,0,0,0,0,0,0,0,0,0,0,0,0,0
1720440283143,0,0,0,0,0,0,0,0,0,0,0,0,0,0,0,0,0,0
1720440285750,0,0,0,0,0,0,0,0,0,0,0,0,0.046838,-0.495877,-0.867129,0,0,0
1720440287129,0,0,0,0,0,0,0,0,0,0,0,0,0.04838,-0.483261,-0.874139,0,0,0
1720440290831,0,0,0,0,0,0,0,0,0,0,0,0,0.076555,-0.324002,-0.942954,0,0,0
1720440291826,0,0,0,0,0,0,0,0,0,0,0,0,0.079624,-0.301442,-0.950154,0,0,0
1720440293072,0,0,0,0,0,0,0,0,0,0,0,0,0.088279,-0.2077,-0.974201,0,0,0
1720440297167,0,0,0,0,0,0,0,0,0,0,0,0,0.063793,0.058073,-0.996272,0,0,0
1720440298374,0,0,0,0,0,0,0,0,0,0,0,0,0.062043,0.101388,-0.992911,0,0,0
1720440299498,0,0,0,0,0,0,0,0,0,0,0,0,0.061764,0.135618,-0.988834,0,0,0
1720440300786,0,0,0,0,0,0,0,0,0,0,0,0,0.061828,0.137129,-0.988622,0,0,0
1720440302117,0,0,0,0,0,0,0,0,0,0,0,0,0.061155,0.195214,-0.978852,0,0,0
1720440303074,0,0,0,0,0,0,0,0,0,0,0,0,0.059008,0.253638,-0.965498,0,0,0
1720440307075,0,0,0,0,0,0,0,0,0,0,0,0,0,0,0,0,0,0
1720440308109,0,0,0,0,0,0,0,0,0,0,0,0,0,0,0,0,0,0
1720440311945,0,0,0,0.047627,0.802342,-0.594962,0,0,0,0,0,0,0,0,0,0,0,0
1720440313080,0,0,0,0.043295,0.821528,-0.568523,0,0,0,0,0,0,0,0,0,0,0,0
1720440318301,0,0,0,0.021099,0.958407,-0.284625,0,0,0,0,0,0,0,0,0,0,0,0
1720440319301,0,0,0,0.016093,0.981165,-0.1925,0,0,0,0,0,0,0,0,0,0,0,0
1720440321813,0,0,0,0.001123,0.999833,-0.018214,0,0,0,0,0,0,0,0,0,0,0,0
1720440323157,0,0,0,-0.002621,0.999108,0.042154,0,0,0,0,0,0,0,0,0,0,0,0
1720440327110,0,0,0,-0.003131,0.959403,0.282021,0,0,0,0,0,0,0,0,0,0,0,0
1720440328164,0,0,0,-0.004143,0.932711,0.3606,0,0,0,0,0,0,0,0,0,0,0,0
1720440329415,0,0,0,-0.002484,0.894313,0.447436,0,0,0,0,0,0,0,0,0,0,0,0
1720440331934,0,0,0,-0.004459,0.769947,0.638093,0,0,0,0,0,0,0,0,0,-0.029556,0.646116,0.762667
1720440333151,0,0,0,-0.003414,0.756647,0.653814,0,0,0,0,0,0,0,0,0,-0.030547,0.620933,0.783268
1720440334242,0,0,0,-0.003186,0.763515,0.645782,0,0,0,0,0,0,0,0,0,-0.027865,0.610709,0.791364
1720440336849,0,0,0,-0.008291,0.809173,0.587512,0,0,0,0,0,0,0,0,0,-0.029887,0.486534,0.873151
1720440338194,0,0,0,-0.000138,0.809593,0.586992,0,0,0,0,0,0,0,0,0,-0.03126,0.451045,0.891954
1720440340766,0,0,0,0,0,0,0,0,0,0,0,0,0,0,0,-0.03916,0.247298,0.968148
1720440342234,0,0,0,0,0,0,0,0,0,0,0,0,0,0,0,-0.038753,0.166916,0.985209
1720440343107,0,0,0,0,0,0,0,0,0,0,0,0,0,0,0,-0.037382,0.1348,0.990167
1720440344514,0,0,0,0,0,0,0,0,0,0,0,0,0,0,0,-0.037288,0.121223,0.991925
1720440345694,0,0,0,0,0,0,0,0,0,0,0,0,0,0,0,-0.037828,0.122337,0.991767
1720440346835,0,0,0,0,0,0,0,0,0,0,0,0,0,0,0,-0.037432,0.122915,0.991711
1720440348351,0,0,0,0,0,0,0,0,0,0,0,0,0,0,0,-0.035999,0.120619,0.992046
1720440349554,0,0,0,0,0,0,0,0,0,0,0,0,0,0,0,-0.035978,0.120607,0.992048
1720440350709,0,0,0,0,0,0,0,0,0,0,0,0,0,0,0,-0.036432,0.119555,0.992159
1720440352142,0,0,0,0,0,0,0,0,0,0,0,0,0,0,0,0,0,0
1720440353349,0,0,0,0,0,0,0,0,0,0,0,0,0,0,0,0,0,0
1720440354451,0,0,0,0,0,0,0,0,0,0,0,0,0,0,0,0,0,0
1720440355891,0,0,0,0,0,0,0,0,0,0,0,0,0,0,0,0,0,0
1720440357065,0,0,0,0,0,0,0,0,0,0,0,0,0,0,0,0,0,0
1720440359897,0,0,0,0,0,0,0,0,0,0,0,0,0,0,0,-0.002987,0.130526,0.99144
1720440360930,0,0,0,0,0,0,0,0,0,0,0,0,0,0,0,0.001823,0.12825,0.99174
1720440362110,0,0,0,0,0,0,0,0,0,0,0,0,0,0,0,0.002004,0.1287,0.991682
1720440363428,0,0,0,0,0,0,0,0,0,0,0,0,0,0,0,0.001891,0.127337,0.991858
1720440364893,0,0,0,0,0,0,0,0,0,0,0,0,0,0,0,-0.000657,0.130858,0.991401
1720440365928,0,0,0,0,0,0,0,0,0,0,0,0,0,0,0,-0.001157,0.129277,0.991608
1720440367237,0,0,0,0,0,0,0,0,0,0,0,0,0,0,0,0.00245,0.127289,0.991863
1720440371144,0,0,0,0,0,0,0,0,0,0,0,0,0,0,0,-0.348163,0.111082,0.930829
1720440372398,-0.864275,0.011149,0.502896,0,0,0,0,0,0,0,0,0,0,0,0,-0.424985,0.100498,0.899604
1720440373469,-0.820922,0.007008,0.570997,0,0,0,0,0,0,0,0,0,0,0,0,-0.510477,0.085972,0.855583
1720440374804,-0.76037,0.002287,0.649486,0,0,0,0,0,0,0,0,0,0,0,0,-0.573132,0.074759,0.816046
1720440376098,-0.766316,0.001718,0.642461,0,0,0,0,0,0,0,0,0,0,0,0,-0.595227,0.070973,0.800417
1720440383271,-0.957853,-0.022184,0.2864,0,0,0,0,0,0,0,0,0,0,0,0,0,0,0
1720440384514,-0.975346,-0.025392,0.219216,0,0,0,0,0,0,0,0,0,0,0,0,0,0,0
1720440387256,-0.998718,-0.036242,0.03534,0,0,0,0,0,0,0,0,0,0,0,0,0,0,0
1720440388363,-0.998886,-0.041263,-0.022876,0,0,0,0,0,0,0,0,0,0,0,0,0,0,0
1720440391002,-0.979221,-0.052346,-0.195923,0,0,0,0,0,0,0,0,0,0,0,0,0,0,0
1720440392070,-0.970087,-0.051751,-0.237177,0,0,0,0,0,0,0,0,0,0,0,0,0,0,0
1720440396170,-0.879455,-0.057135,-0.472541,0,0,0,0,0,0,0,0,0,0,0,0,0,0,0
1720440397347,-0.847945,-0.058544,-0.526841,0,0,0,0,0,0,0,0,0,0,0,0,0,0,0
1720440398523,-0.817863,-0.06307,-0.571947,0,0,0,0,0,0,0,0,0,0,0,0,0,0,0
1720440400955,-0.776969,-0.061441,-0.626534,0,0,0,0,0,0,0,0,0,0,0,0,0,0,0
1720440402109,-0.771555,-0.064795,-0.632854,0,0,0,0,0,0,0,0,0,0,0,0,0,0,0
1720440406166,0,0,0,0,0,0,0,0,0,0,0,0,0,0,0,0,0,0
1720440407331,0,0,0,0,0,0,0,0,0,0,0,0,0,0,0,0,0,0
1720440408401,0,0,0,0,0,0,0,0,0,0,0,0,-0.316773,-0.041849,-0.947578,0,0,0
1720440411077,0,0,0,0,0,0,0,0,0,0,0,0,-0.087054,-0.047211,-0.995084,0,0,0
1720440412286,0,0,0,0,0,0,0,0,0,0,0,0,0.022802,-0.056632,-0.998135,0,0,0
1720440414819,0,0,0,0,0,0,0,0,0,0,0,0,0.194295,-0.039779,-0.980136,0,0,0
1720440417285,0,0,0,0,0,0,0,0,0,0,0,0,0.379815,-0.02069,-0.924831,0,0,0
1720440418640,0,0,0,0,0,0,0,0,0,0,0,0,0,0,0,0,0,0
1720440420989,0,0,0,0,0,0,0,0,0,0.758053,-0.039765,-0.650979,0,0,0,0,0,0
1720440422308,0,0,0,0,0,0,0,0,0,0.761584,-0.02959,-0.64739,0,0,0,0,0,0
1720440426330,0,0,0,0,0,0,0,0,0,0.832683,-0.004428,-0.553732,0,0,0,0,0,0
1720440427215,0,0,0,0,0,0,0,0,0,0.868218,-0.003086,-0.496173,0,0,0,0,0,0
1720440428332,0,0,0,0,0,0,0,0,0,0.92978,0.002722,-0.368105,0,0,0,0,0,0
1720440429591,0,0,0,0,0,0,0,0,0,0.962641,0.014896,-0.270371,0,0,0,0,0,0
1720440430896,0,0,0,0,0,0,0,0,0,0.994697,0.012217,-0.102119,0,0,0,0,0,0
1720440432203,0,0,0,0,0,0,0,0,0,0.999934,0.006918,-0.009193,0,0,0,0,0,0
1720440434905,0,0,0,0,0,0,0,0,0,0.956475,-0.006749,0.291737,0,0,0,0,0,0
1720440436069,0,0,0,0,0,0,0,0,0,0.931596,-0.00456,0.363467,0,0,0,0,0,0
1720440437199,0,0,0,0,0,0,0,0,0,0.896236,0.002577,0.44357,0,0,0,0.640587,0.083145,0.763371
1720440438328,0,0,0,0,0,0,0,0,0,0.858351,0.016585,0.512795,0,0,0,0.626949,0.088736,0.773991
1720440440765,0,0,0,0,0,0,0,0,0,0.759879,0.017237,0.649837,0,0,0,0.570717,0.093327,0.815826
1720440442140,0,0,0,0,0,0,0,0,0,0.759148,0.017177,0.650692,0,0,0,0.570899,0.091375,0.81592
1720440445887,0,0,0,0,0,0,0,0,0,0,0,0,0,0,0,0.332752,0.112995,0.93622
1720440447180,0,0,0,0,0,0,0,0,0,0,0,0,0,0,0,0.242763,0.142105,0.959621
1720440448329,0,0,0,0,0,0,0,0,0,0,0,0,0,0,0,0.159714,0.126297,0.979051
1720440451144,0,0,0,0,0,0,0,0,0,0,0,0,0,0,0,0.020736,0.126133,0.991797
1720440452230,0,0,0,0,0,0,0,0,0,0,0,0,0,0,0,0,0,0
1720440453476,0,0,0,0,0,0,0,0,0,0,0,0,0,0,0,0,0,0
1720440455972,0,0,0,0,0,0,0,0,0,0,0,0,0,0,0,0,0,0
1720440457305,0,0,0,0,0,0,0,0,0,0,0,0,0,0,0,0,0,0
1720440459848,0,0,0,0,0,0,0,0,0,0,0,0,0,0,0,0.008001,0.027997,0.999576
1720440461142,0,0,0,0,0,0,0,0,0,0,0,0,0,0,0,0.006188,0.027633,0.999599
1720440462118,0,0,0,0,0,0,0,0,0,0,0,0,0,0,0,0.007189,0.053469,0.998544
1720440464974,0,0,0,0,0,0,0,0,0,0,0,0,0,0,0,0.005245,0.271853,0.962325
1720440466227,0,0,0,0,0,0,0,0,0,0,0,0,0,0,0,0.002049,0.430991,0.902354
1720440467230,0,0,0,0.031092,0.809105,0.586841,0,0,0,0,0,0,0,0,0,0.00426,0.497985,0.867175
1720440468854,0,0,0,0.009748,0.757921,0.652273,0,0,0,0,0,0,0,0,0,0.002507,0.629833,0.776727
1720440469974,0,0,0,0.007561,0.783935,0.620797,0,0,0,0,0,0,0,0,0,0.001709,0.641889,0.766796
1720440471138,0,0,0,0.002056,0.857978,0.513682,0,0,0,0,0,0,0,0,0,0,0,0
1720440473764,0,0,0,-0.000955,0.956809,0.290715,0,0,0,0,0,0,0,0,0,0,0,0
1720440475189,0,0,0,-0.002826,0.989058,0.1475,0,0,0,0,0,0,0,0,0,0,0,0
1720440476008,0,0,0,0.00055,0.997712,0.067602,0,0,0,0,0,0,0,0,0,0,0,0
1720440477425,0,0,0,0.000754,0.999913,0.013193,0,0,0,0,0,0,0,0,0,0,0,0
1720440478415,0,0,0,0.003585,0.999186,-0.040188,0,0,0,0,0,0,0,0,0,0,0,0
1720440481089,0,0,0,0.001692,0.980901,-0.1945,0,0,0,0,0,0,0,0,0,0,0,0
1720440482336,0,0,0,0.001031,0.967998,-0.250955,0,0,0,0,0,0,0,0,0,0,0,0
1720440483314,0,0,0,0.002087,0.953497,-0.301397,0,0,0,0,0,0,0,0,0,0,0,0
1720440486000,0,0,0,-0.015133,0.799634,-0.600297,0,0,0,0,0,0,0,0,0,0,0,0
1720440492331,0,0,0,0,0,0,0,0,0,0,0,0,0,0,0,0,0,0
1720440493538,0,0,0,0,0,0,0,0,0,0,0,0,0,0,0,0,0,0
1720440496079,0,0,0,0,0,0,0,0,0,0,0,0,-0.100823,0.194491,-0.975709,0,0,0
1720440497072,0,0,0,0,0,0,0,0,0,0,0,0,-0.100106,0.133734,-0.985948,0,0,0
1720440498278,0,0,0,0,0,0,0,0,0,0,0,0,-0.095687,0.058134,-0.993712,0,0,0
1720440500993,0,0,0,0,0,0,0,0,0,0,0,0,-0.089785,-0.148138,-0.984883,0,0,0
1720440502024,0,0,0,0,0,0,0,0,0,0,0,0,-0.090645,-0.14861,-0.984733,0,0,0
1720440506121,0,0,0,0,0,0,0,0,0,0,0,0,-0.105035,-0.419112,-0.901839,0,0,0
1720440507152,0,0,0,0,0,0,0,0,0,0,0,0,0,0,0,0,0,0
1720440510817,0,0,0,0,0,0,-0.084062,-0.793083,-0.603286,0,0,0,0,0,0,0,0,0
1720440511849,0,0,0,0,0,0,-0.072003,-0.796453,-0.600399,0,0,0,0,0,0,0,0,0
1720440513013,0,0,0,0,0,0,-0.066894,-0.816931,-0.572842,0,0,0,0,0,0,0,0,0
1720440515942,0,0,0,0,0,0,-0.061179,-0.8915,-0.448871,0,0,0,0,0,0,0,0,0
1720440518139,0,0,0,0,0,0,-0.056969,-0.945649,-0.320161,0,0,0,0,0,0,0,0,0
1720440519300,0,0,0,0,0,0,-0.054611,-0.970839,-0.233428,0,0,0,0,0,0,0,0,0
1720440523136,0,0,0,0,0,0,-0.037409,-0.998511,-0.039698,0,0,0,0,0,0,0,0,0
1720440528352,0,0,0,0,0,0,-0.033772,-0.963342,0.266142,0,0,0,0,0,0,0,0,0
1720440529297,0,0,0,0,0,0,-0.026899,-0.909911,0.413932,0,0,0,0,0,0,-0.004222,-0.549738,0.835326
1720440530549,0,0,0,0,0,0,-0.022334,-0.873452,0.486399,0,0,0,0,0,0,0.001382,-0.569724,0.821835
1720440533134,0,0,0,0,0,0,-0.01159,-0.778637,0.627367,0,0,0,0,0,0,0.003317,-0.546403,0.837516
1720440534165,0,0,0,0,0,0,-0.009768,-0.776492,0.630052,0,0,0,0,0,0,0.005217,-0.50422,0.86356
1720440535328,0,0,0,0,0,0,-0.008939,-0.769731,0.638306,0,0,0,0,0,0,0.007133,-0.458269,0.888785
1720440538173,0,0,0,0,0,0,0,0,0,0,0,0,0,0,0,0.005271,-0.211066,0.977458
1720440539379,0,0,0,0,0,0,0,0,0,0,0,0,0,0,0,0.003848,-0.103409,0.994632
1720440543129,0,0,0,0,0,0,0,0,0,0,0,0,0,0,0,0.006362,0.073628,0.997266
1720440544335,0,0,0,0,0,0,0,0,0,0,0,0,0,0,0,0.005743,0.075014,0.997166
1720440546873,0,0,0,0,0,0,0,0,0,0,0,0,0,0,0,0.005699,0.073534,0.997276
1720440548082,0,0,0,0,0,0,0,0,0,0,0,0,0,0,0,0.006166,0.07446,0.997205
1720440553294,0,0,0,0,0,0,0,0,0,0,0,0,0,0,0,0.005478,0.072891,0.997325
1720440554159,0,0,0,0,0,0,0,0,0,0,0,0,0,0,0,0.008301,0.072585,0.997328
1720440555536,0,0,0,0,0,0,0,0,0,0,0,0,0,0,0,0.007582,0.073289,0.997282
1720440556450,0,0,0,0,0,0,0,0,0,0,0,0,0,0,0,0.008289,0.072145,0.99736
1720440559324,0,0,0,0,0,0,0,0,0,0,0,0,0,0,0,0.007348,0.073188,0.997291
1720440560229,0,0,0,0,0,0,0,0,0,0,0,0,0,0,0,0.006747,0.072656,0.997334
1720440561737,0,0,0,0,0,0,0,0,0,0,0,0,0,0,0,0.007502,0.073038,0.997301
1720440563117,0,0,0,0,0,0,0,0,0,0,0,0,0,0,0,0.006778,0.073605,0.997265
1720440566909,0,0,0,0,0,0,0,0,0,0,0,0,0,0,0,0.007491,0.072316,0.997354
1720440568070,0,0,0,0,0,0,0,0,0,0,0,0,0,0,0,0.007173,0.071611,0.997407